{"cameraMode":{"drawMode":0,"name":"Shaded","section":"Shading Mode"},"sceneLighting":false,"audioPlay":false,"sceneViewState":{"showFog":true,"showMaterialUpdate":false,"showSkybox":true,"showFlares":true,"showImageEffects":true,"showParticleSystems":true},"in2DMode":false,"pivot":{"x":32.790855407714847,"y":-11.478548049926758,"z":6.650542259216309},"rotation":{"x":0.21345657110214234,"y":0.7821487188339233,"z":-0.4580904543399811,"w":0.3644624352455139},"size":78.84881591796875,"orthographic":false}